prompt,index,harmony_score,novelty_score,ahns_score,color_harmony,composition,texture,train_novelty,prior_novelty,domain_plausibility
"a serene landscape with mountains and a lake at sunset, using complementary colors",0,0.12233657401591154,0.9600000000000001,0.5411682870079558,0.18637397603940994,-0.3529238618067412,0.5122138071405664,1.0,1.0,0.8
"a serene landscape with mountains and a lake at sunset, using complementary colors",1,-0.052733407630919465,0.9600000000000001,0.4536332961845403,0.04783488949419837,-0.7373302514124271,0.4977723733170977,1.0,1.0,0.8
abstract geometric patterns with vibrant colors and dynamic composition,0,0.5360072912608793,0.9600000000000001,0.7480036456304398,0.5272924240430485,0.7002136265343879,0.38342077894447857,1.0,1.0,0.8
abstract geometric patterns with vibrant colors and dynamic composition,1,0.5084864786055197,0.9600000000000001,0.7342432393027598,0.46766642700990924,0.6010548392809666,0.47034485339088633,1.0,1.0,0.8
a minimalist still life with subtle textures and balanced composition,0,0.08632255593175585,0.9600000000000001,0.523161277965878,0.2369277586821217,-0.5947447718868981,0.566582946749922,1.0,1.0,0.8
a minimalist still life with subtle textures and balanced composition,1,0.41507281419540243,0.9600000000000001,0.6875364070977013,0.5066169923655895,0.13095793285063184,0.5771287913132569,1.0,1.0,0.8
a surreal dreamscape with unexpected color combinations,0,0.6833842011654923,0.9600000000000001,0.8216921005827462,0.9231163463866358,0.4311908817744987,0.615934660261628,1.0,1.0,0.8
a surreal dreamscape with unexpected color combinations,1,0.40676263328926054,0.9600000000000001,0.6833813166446303,0.36787944117144233,0.24455843703027969,0.6208110857053322,1.0,1.0,0.8
