prompt                                                                              , index, harmony_score      , novelty_score     , ahns_score        , color_harmony      , composition        , texture           , train_novelty, prior_novelty, domain_plausibility
"a serene landscape with mountains and a lake at sunset, using complementary colors",     0, 0.29611483057940846, 0.9600000000000001, 0.6280574152897043, 0.8869204367171575 , -0.7038307027934201, 0.5083195557685715,           1.0,           1.0,                 0.8
"a serene landscape with mountains and a lake at sunset, using complementary colors",     1, 0.1116749706812025 , 0.9600000000000001, 0.5358374853406013, 0.4317105234290797 , -0.7126840491526065, 0.5093199201845087,           1.0,           1.0,                 0.8
abstract geometric patterns with vibrant colors and dynamic composition             ,     0, 0.3436650671239843 , 0.9600000000000001, 0.6518325335619922, 0.2566607769535559 , 0.4640243070475931 , 0.3393115474276134,           1.0,           1.0,                 0.8
abstract geometric patterns with vibrant colors and dynamic composition             ,     1, 0.4319696024251424 , 0.9600000000000001, 0.6959848012125712, 0.22763768838381268, 0.7494772451916252 , 0.3869045117137659,           1.0,           1.0,                 0.8
a minimalist still life with subtle textures and balanced composition               ,     0, 0.2513663907672559 , 0.9600000000000001, 0.605683195383628 , 0.02732372244729256, 0.160761154014193  , 0.6406951852802699,           1.0,           1.0,                 0.8
a minimalist still life with subtle textures and balanced composition               ,     1, 0.08640260618479129, 0.9600000000000001, 0.5232013030923957, 0.3985190410845142 , -0.8537481901568456, 0.6103981559934643,           1.0,           1.0,                 0.8
a surreal dreamscape with unexpected color combinations                             ,     0, 0.5325654753477694 , 0.9600000000000001, 0.7462827376738848, 0.3395955256449391 , 0.7294229174272007 , 0.5930012995387787,           1.0,           1.0,                 0.8
a surreal dreamscape with unexpected color combinations                             ,     1, 0.6354355811173826 , 0.9600000000000001, 0.7977177905586914, 0.7261490370736908 , 0.5329149628662035 , 0.6170049247601508,           1.0,           1.0,                 0.8
